{
  "dataset": "GOLD_MINIO",
  "model_path": "/app/NASA-Turbofan-Predictive-Modeling/model_GOLD_MINIO.keras",
  "validation": {
    "mae": 8.121652168882784,
    "rmse": 10.876967078393143,
    "n": 2019
  },
  "holdout": {
    "mae": 9.860116278682073,
    "rmse": 13.554651338504716,
    "n": 5434
  },
  "split": {
    "train_units": [
      3,
      4,
      5,
      11,
      12,
      15,
      17,
      18,
      20,
      23,
      25,
      28,
      29,
      30,
      32,
      34,
      35,
      37,
      38,
      39,
      40,
      42,
      43,
      45,
      46,
      48,
      49,
      51,
      52,
      53,
      55,
      56,
      57,
      58,
      59,
      60,
      61,
      62,
      65,
      66,
      68,
      72,
      73,
      74,
      77,
      80,
      81,
      82,
      84,
      85,
      86,
      87,
      88,
      89,
      91,
      94,
      95,
      96,
      98,
      100
    ],
    "val_units": [
      2,
      6,
      19,
      22,
      31,
      36,
      50,
      64,
      69,
      79
    ],
    "holdout_units": [
      1,
      7,
      8,
      9,
      10,
      13,
      14,
      16,
      21,
      24,
      26,
      27,
      33,
      41,
      44,
      47,
      54,
      63,
      67,
      70,
      71,
      75,
      76,
      78,
      83,
      90,
      92,
      93,
      97,
      99
    ],
    "n_train": 60,
    "n_val": 10,
    "n_holdout": 30
  },
  "hyperparameters": {
    "monitor": "val_loss",
    "metrics_only": true
  }
}